{"cameraMode":{"drawMode":0,"name":"Shaded","section":"Shading Mode"},"sceneLighting":true,"audioPlay":false,"sceneViewState":{"m_AlwaysRefresh":false,"showFog":true,"showSkybox":true,"showFlares":true,"showImageEffects":true,"showParticleSystems":true,"showVisualEffectGraphs":true,"m_FxEnabled":true},"in2DMode":false,"pivot":{"x":-2.7991790771484377,"y":1.1454737186431885,"z":3.09049391746521},"rotation":{"x":0.09399594366550446,"y":-0.19495584070682527,"z":0.018790554255247117,"w":0.976136326789856},"size":1.8302379846572877,"orthographic":true}