{"cameraMode":{"drawMode":0,"name":"Shaded","section":"Shading Mode"},"sceneLighting":true,"audioPlay":false,"sceneViewState":{"m_AlwaysRefresh":false,"showFog":true,"showSkybox":true,"showFlares":true,"showImageEffects":true,"showParticleSystems":true,"showVisualEffectGraphs":true,"m_FxEnabled":true},"in2DMode":false,"pivot":{"x":-2.1557021141052248,"y":0.3432841897010803,"z":0.2801460027694702},"rotation":{"x":0.09399594366550446,"y":-0.19495584070682527,"z":0.018790554255247117,"w":0.976136326789856},"size":1.5951189994812012,"orthographic":true}