{"cameraMode":{"drawMode":0,"name":"Shaded","section":"Shading Mode"},"sceneLighting":true,"audioPlay":false,"sceneViewState":{"m_AlwaysRefresh":false,"showFog":true,"showSkybox":true,"showFlares":true,"showImageEffects":true,"showParticleSystems":true,"showVisualEffectGraphs":true,"m_FxEnabled":true},"in2DMode":false,"pivot":{"x":-0.9712018966674805,"y":0.7420419454574585,"z":-0.6256222128868103},"rotation":{"x":-0.7067056894302368,"y":-0.0027952396776527168,"z":0.002793201943859458,"w":-0.7075393199920654},"size":0.17480577528476716,"orthographic":false}